<?xml version="1.0" encoding="UTF-8"?>
<odoo>
  <templates id="template" xml:space="preserve">
    <!-- Inherit existing ProductScreen template -->
    <t t-name="mw_pos_ebarimt.ProductScreenCheckboxes" t-inherit="point_of_sale.ProductScreen" t-inherit-mode="extension">
      <!-- Insert your checkboxes after OrderSummary -->
      <xpath expr="//OrderSummary" position="after">
        <div class="checkboxes-container px-2 py-1">
          <label class="form-check mb-1">
            <input type="checkbox"
                   class="form-check-input"
                   t-att-checked="state.ebarimtChecked ? 'checked' : undefined"
                   t-on-click="() => toggleCheckbox('ebarimtChecked')" />
            <span class="form-check-label">Ebarimt</span>
          </label>
          <label class="form-check mb-1">
            <input type="checkbox"
                   class="form-check-input"
                   t-att-checked="state.vatChecked ? 'checked' : undefined"
                   t-on-click="() => toggleCheckbox('vatChecked')" />
            <span class="form-check-label">VAT</span>
          </label>
        </div>
      </xpath>
    </t>
  </templates>
</odoo>
