<?xml version="1.0" encoding="UTF-8"?>
<templates id="template" xml:space="preserve">
    <t t-name="mw_pos_ebarimt.OrderReceipt" t-inherit="point_of_sale.OrderReceipt" t-inherit-mode="extension" owl="1">
        
        <!-- Receipt Header -->
        <xpath expr="//div[@class='pos-receipt-contact']" position="replace">
            <div class="pos-receipt">
                <div class="receipt-header">
                    <t t-if="receipt.header_html">
                        <t t-raw="receipt.header_html" />
                    </t>
                    <t t-if="!receipt.header_html and receipt.header">
                        <div><t t-esc="receipt.header" /></div>
                    </t>
                </div>

                <!-- Company Info -->
                <div class="pos-receipt-body">
                    <table style="font-size:10px">
                        <colgroup>
                            <col style="width:50%;" />
                            <col style="width:50%;" />
                        </colgroup>
                        <tr>
                            <td rowspan="4">
                                <div class="pos-receipt-logo-container">
                                    <t t-if="receipt.company.logo">
                                        <img class="pos-receipt-logo" t-att-src="receipt.company.logo" alt="Logo"/>
                                    </t>
                                </div>
                            </td>
                            <td><b>ТТД:</b> <t t-if="receipt.company_tin" t-esc="receipt.company_tin"/></td>
                        </tr>
                        <tr>
                            <td><b>Name:</b> <t t-esc="receipt.company.name"/></td>
                        </tr>
                        <tr>
                            <td><b>Telephone:</b> <t t-if="receipt.company.phone" t-esc="receipt.company.phone"/></td>
                        </tr>
                        <tr>
                            <td><b>Branch:</b> <t t-if="receipt.config_name" t-esc="receipt.config_name"/></td>
                        </tr>
                        <tr>
                            <td colspan="2">
                                <div><t t-esc="receipt.date.localestring"/></div>
                                <div><t t-esc="receipt.name"/></div>
                            </td>
                        </tr>
                    </table>

                    <!-- Tax info -->
                    <div style="font-size:10px" t-if="receipt.bill_type !== 'BILL_TYPE_NOTAX' and receipt.bill_type !== 'BILL_TYPE_INVOICE'">
                        <b>ДДТД:</b> <span class="mn_class_bill_id"/>
                    </div>

                    <!-- B2C Invoice -->
                    <div style="font-size:10px" t-if="receipt.bill_type === 'BILL_TYPE_INVOICE'">
                        <br/>
                        <b>Худалдан авагч:</b>
                        <div class="pos-left-align" style="text-indent: 2em;">
                            <b>Нэр:</b> <t t-esc="receipt.client"/> /<t t-esc="receipt.client.ref"/>/
                        </div>
                    </div>

                    <!-- B2B Receipt -->
                    <div style="font-size:10px" t-if="receipt.bill_type === 'B2B_RECEIPT'">
                        <br/>
                        <b>Худалдан авагч:</b>
                        <div class="pos-left-align" style="text-indent: 2em;">
                            <b>ТТД:</b> <t t-esc="receipt.customer_reg"/>
                        </div>
                        <div class="pos-left-align" style="text-indent: 2em;">
                            <b>Нэр:</b> <t t-esc="receipt.customer_name"/>
                        </div>
                    </div>
                </div>
            </div>
        </xpath>

        <!-- Tax Details Section -->
        <xpath expr="//t/t[@t-foreach='receipt.tax_details']" position="replace">
            <t t-if="receipt.bill_type !== '0'" t-foreach="receipt.tax_details" t-as="tax" t-key="tax.name">
                <div style="font-size:10px">
                    <t t-esc="tax.name" />
                    <span t-esc="env.pos.format_currency_no_symbol(tax.amount)" class="pos-receipt-right-align"/>
                </div>
            </t>
        </xpath>

        <!-- Display VAT = 0 if tax details are empty -->
        <xpath expr="//div[hasclass('pos-receipt-amount')]" position="before">
            <t t-if="receipt.tax_details.length === 0">
                <div style="font-size:10px">
                    Vat
                    <span t-esc='env.pos.format_currency_no_symbol(0)' class="pos-receipt-right-align"/>
                </div>
            </t>
        </xpath>

        <!-- Override total & tax amounts -->
        <xpath expr="//div[hasclass('pos-receipt-amount')]" position="replace">
            <div class="pos-receipt-amount" style="font-size:10px">
                Total
                <span t-if="receipt.bill_type === '0'" t-esc="env.pos.format_currency_no_symbol(receipt.total_without_tax + receipt.total_discount)" class="pos-receipt-right-align"/>
                <span t-else="" t-esc="env.pos.format_currency_no_symbol(receipt.total_with_tax + receipt.total_discount)" class="pos-receipt-right-align"/>
            </div>
            <t t-if="receipt.total_discount">
                <div class="pos-receipt-amount" style="font-size:10px">
                    Discounts
                    <span t-esc="env.pos.format_currency_no_symbol(receipt.total_discount)" class="pos-receipt-right-align"/>
                </div>
            </t>
            <div class="pos-receipt-amount" style="font-size:10px">
                <b>Дүн</b>
                <span t-if="receipt.bill_type === '0'" t-esc='env.pos.format_currency_no_symbol(receipt.total_without_tax)' class="pos-receipt-right-align"/>
                <span t-else="" t-esc="env.pos.format_currency_no_symbol(receipt.total_with_tax)" class="pos-receipt-right-align"/>
            </div>
            <t t-if="isTaxIncluded and receipt.bill_type !== '0'">
                <t t-foreach="receipt.tax_details" t-as="tax" t-key="tax.name">
                    <div class="pos-receipt-amount" style="font-size:10px">
                        <t t-if="tax.tax.ebarimt_tax_type_id">
                            <t t-esc="tax.tax.ebarimt_tax_type_id[1]"/>
                        </t>
                        <t t-else="">
                            <t t-esc="tax.name"/>
                        </t>
                        <span t-esc="env.pos.format_currency_no_symbol(tax.amount)" class="pos-receipt-right-align"/>
                    </div>
                </t>
            </t>
        </xpath>

        <!-- Payment Lines -->
        <xpath expr="//t[@t-foreach='receipt.paymentlines']/div" position="replace">
            <br/>
            <div class="pos-receipt-amount" style="font-size:10px">
                Төлөх дүн:
                <span t-esc="env.pos.format_currency_no_symbol(receipt.total_with_tax)" class="pos-receipt-right-align"/>
            </div>
            <t t-foreach="receipt.paymentlines" t-as="line" t-key="line.cid">
                <div style="font-size:10px">
                    <t t-esc="line.name" />:
                    <span t-esc="env.pos.format_currency_no_symbol(line.amount)" class="pos-receipt-right-align"/>
                </div>
            </t>
        </xpath>

        <!-- Change -->
        <xpath expr="//div[hasclass('receipt-change')]" position="replace">
            <div class="pos-receipt-amount receipt-change" style="font-size:10px">
                <b>Change
                <span t-esc="env.pos.format_currency_no_symbol(receipt.change)" class="pos-receipt-right-align"/></b>
            </div>
        </xpath>

        <!-- Lottery and QR (Before footer) -->
        <xpath expr="//div[hasclass('before-footer')]" position="before">
            <div t-if="receipt.is_with_ebarimt === '1'">
                <div style="font-size:10px">
                    Lottery: <b><span class="mn_class_lottery"/></b>
                </div>
                <div style="font-size:10px">
                    Register Amount:
                    <b><span t-esc="env.pos.format_currency_no_symbol(receipt.total_with_tax)" class="pos-receipt-center-align"/></b>
                </div>
                <img class="mn_class_qr_data" src="/web/static/img/placeholder.png"/>
            </div>
        </xpath>
    </t>
</templates>
