<?xml version="1.0" encoding="UTF-8"?>
<templates id="template" xml:space="preserve">
  <t t-name="mw_pos_ebarimt.OrderReceipt" t-inherit="point_of_sale.OrderReceipt" t-inherit-mode="extension" owl="1">
    <xpath expr="//div[contains(@class, 'pos-receipt')]" position="replace">
      <div class="pos-receipt p-2" style="font-size:10px;">
        <t t-set="receipt" t-value="props.data"/>
        <t t-set="fmt" t-value="env.pos and env.pos.format_currency_no_symbol"/>

        <!-- Header -->
        <div class="receipt-header">
          <t t-if="receipt.header_html">
            <t t-raw="receipt.header_html"/>
          </t>
          <t t-if="!receipt.header_html and receipt.header">
            <div><t t-esc="receipt.header"/></div>
          </t>
        </div>

        <!-- Company Info Table -->
        <table style="width:100%; font-size:10px; margin-bottom:10px;">
          <colgroup>
            <col style="width:50%; vertical-align:middle;"/>
            <col style="width:50%; vertical-align:middle;"/>
          </colgroup>
          <tr>
            <td rowspan="4" style="text-align:center;">
              <t t-if="receipt.company and receipt.company.logo">
                <img class="pos-receipt-logo" t-att-src="receipt.company.logo" alt="Logo" style="max-width:120px;"/>
              </t>
            </td>
            <td><b>ТТД:</b> <t t-if="receipt.company_tin" t-esc="receipt.company_tin"/></td>
          </tr>
          <tr>
            <td><b>Name:</b> <t t-if="receipt.company and receipt.company.name" t-esc="receipt.company.name"/></td>
          </tr>
          <tr>
            <td><b>Telephone:</b> <t t-if="receipt.company and receipt.company.phone" t-esc="receipt.company.phone"/></td>
          </tr>
          <tr>
            <td><b>Branch:</b> <t t-if="receipt.config_name" t-esc="receipt.config_name"/></td>
          </tr>
          <tr>
            <td><t t-esc="receipt.date"/></td>
            <td><t t-esc="receipt.name"/></td>
          </tr>
        </table>

        <!-- Conditional Bill Type Details -->
        <t t-if="receipt.bill_type !== 'BILL_TYPE_NOTAX' and receipt.bill_type !== 'BILL_TYPE_INVOICE'">
          <div><b>ДДТД: </b><span class="mn_class_bill_id"/></div>
        </t>
        <t t-if="receipt.bill_type === 'BILL_TYPE_INVOICE'">
          <br/>
          <b>Худалдан авагч: </b>
          <div style="text-indent: 2em;">
            <b>Нэр: </b><t t-esc="receipt.client"/> / <t t-esc="receipt.client.ref"/> /
          </div>
        </t>
        <t t-if="receipt.bill_type === 'B2B_RECEIPT'">
          <br/>
          <b>Худалдан авагч: </b>
          <div style="text-indent: 2em;">
            <b>ТТД: </b><t t-esc="receipt.customer_reg"/>
          </div>
          <div style="text-indent: 2em;">
            <b>Нэр: </b><t t-esc="receipt.customer_name"/>
          </div>
        </t>

        <!-- Tax Details -->
        <t t-if="receipt.tax_details and receipt.tax_details.length">
          <div style="margin-top: 10px;">
            <t t-foreach="receipt.tax_details" t-as="tax" t-key="tax.name">
              <div style="display:flex; justify-content:space-between;">
                <span><t t-esc="tax.name"/></span>
                <span>
                  <t t-if="fmt"><t t-esc="fmt(tax.amount)"/></t>
                  <t t-if="!fmt"><t t-esc="tax.amount"/></t>
                </span>
              </div>
            </t>
          </div>
        </t>

        <!-- Total and Discounts -->
        <div style="margin-top: 10px; border-top: 1px dashed #ccc; padding-top: 5px;">
          <div style="display:flex; justify-content:space-between; font-weight:bold;">
            <span>Дүн</span>
            <span>
              <t t-if="receipt.bill_type === '0'">
                <t t-if="fmt"><t t-esc="fmt(receipt.total_without_tax)"/></t>
                <t t-if="!fmt"><t t-esc="receipt.total_without_tax"/></t>
              </t>
              <t t-else="">
                <t t-if="fmt"><t t-esc="fmt(receipt.total_with_tax)"/></t>
                <t t-if="!fmt"><t t-esc="receipt.total_with_tax"/></t>
              </t>
            </span>
          </div>
          <t t-if="receipt.total_discount and receipt.total_discount !== 0">
            <div style="display:flex; justify-content:space-between; color:red;">
              <span>Хөнгөлөлт</span>
              <span>
                <t t-if="fmt"><t t-esc="fmt(receipt.total_discount)"/></t>
                <t t-if="!fmt"><t t-esc="receipt.total_discount"/></t>
              </span>
            </div>
          </t>
        </div>

        <!-- Payment Lines -->
        <div style="margin-top: 10px;">
          <div style="font-weight:bold;">Төлбөрийн мэдээлэл:</div>
          <t t-foreach="receipt.paymentlines" t-as="line" t-key="line.cid">
            <div style="display:flex; justify-content:space-between;">
              <span><t t-esc="line.name"/></span>
              <span>
                <t t-if="fmt"><t t-esc="fmt(line.amount)"/></t>
                <t t-if="!fmt"><t t-esc="line.amount"/></t>
              </span>
            </div>
          </t>
        </div>

        <!-- Change -->
        <div style="margin-top: 10px; font-weight:bold;">
          Change:
          <span style="float:right;">
            <t t-if="fmt"><t t-esc="fmt(receipt.change)"/></t>
            <t t-if="!fmt"><t t-esc="receipt.change"/></t>
          </span>
        </div>

        <!-- Lottery and QR code -->
        <t t-if="receipt.is_with_ebarimt === '1'">
          <div style="margin-top: 15px; font-size: 10px;">
            Lottery: <b><span class="mn_class_lottery"/></b>
          </div>
          <div style="font-size:10px;">
            Register Amount:
            <b>
              <t t-if="fmt"><t t-esc="fmt(receipt.total_with_tax)"/></t>
              <t t-if="!fmt"><t t-esc="receipt.total_with_tax"/></t>
            </b>
          </div>
          <div style="text-align:center; margin-top: 10px;">
            <img class="mn_class_qr_data" src="/web/static/img/placeholder.png" style="max-width:120px;"/>
          </div>
        </t>

        <!-- Footer -->
        <t t-if="receipt.footer" style="margin-top:20px; white-space: pre-line; text-align:center;">
          <t t-esc="receipt.footer"/>
        </t>

        <div style="text-align:center; font-size:8px; margin-top:15px;">
          Powered by Odoo POS
        </div>
      </div>
    </xpath>
  </t>
</templates>
