<?xml version="1.0" encoding="UTF-8"?>
<templates xml:space="preserve">
  <t t-name="mw_pos_ebarimt.PaymentScreenRadioButtons"
     t-inherit="point_of_sale.PaymentScreenMethods"
     t-inherit-mode="extension"
     owl="1">

    <xpath expr="//div[contains(@class, 'paymentmethods-container')]" position="after">
      <div class="radiobuttons-container p-3 bg-200 rounded">
        <div class="radio-section">
          <label>
            <input
              type="radio"
              name="mw_radio_group"
              value="B2C_RECEIPT"
              t-att-checked="state.bill_type === 'B2C_RECEIPT'"
              t-on-change="changeBillType"
              t-att-disabled="currentOrder.to_invoice"
            />
            Хувь хүн
          </label><br/>

          <label style="display:flex; align-items:center; gap:0.5em;">
            <input
              type="radio"
              name="mw_radio_group"
              value="B2B_RECEIPT"
              t-att-checked="state.bill_type === 'B2B_RECEIPT'"
              t-on-change="changeBillType"
              t-att-disabled="currentOrder.to_invoice"
            />
            Байгууллага
            <input
              type="text"
              t-att-disabled="state.bill_type !== 'B2B_RECEIPT'"
              t-att-value="currentOrder.customerReg || ''"
              t-on-input="inputValueCheck"
              pattern="[0-9]*"
              inputmode="numeric"
              maxlength="20"
              placeholder="Байгууллагын регистр"
              style="margin-left: 1em; width: 10em;"
            />
          </label>

          <label>
            <input
              type="radio"
              name="mw_radio_group"
              value="B2C_INVOICE"
              t-att-checked="state.bill_type === 'B2C_INVOICE'"
              t-on-change="changeBillType"
              t-att-disabled="currentOrder.to_invoice"
            />
            Нэхэмжлэл
          </label><br/>

          <label>
            <input
              type="radio"
              name="mw_radio_group"
              value="nosend"
              t-att-checked="state.bill_type === 'nosend'"
              t-on-change="changeBillType"
              t-att-disabled="currentOrder.to_invoice"
            />
            НӨАТ-гүй өгөх
          </label>
        </div>
        <div class="col-md-12 mt-2" t-if="state.bill_type === 'B2B_RECEIPT'">
          <strong>Байгууллагын нэр: </strong>
          <span class="company-name" id="company_name"></span>
        </div>
      </div>
    </xpath>

  </t>
</templates>
